{
  "project_info": {
    "project_number": "1011666708603",
    "firebase_url": "https://postbox-53714.firebaseio.com",
    "project_id": "postbox-53714",
    "storage_bucket": "postbox-53714.appspot.com"
  },
  "client": [
    {
      "client_info": {
        "mobilesdk_app_id": "1:1011666708603:android:828d23d9540ff31a701ade",
        "android_client_info": {
          "package_name": "com.jaganps.postbox"
        }
      },
      "oauth_client": [
        {
          "client_id": "1011666708603-51ckeoiat7easevq9jna3gkobv3kcdk4.apps.googleusercontent.com",
          "client_type": 3
        }
      ],
      "api_key": [
        {
          "current_key": "AIzaSyA4RC-hh52NExcvzkOG0nOMrXtj92x6hrI"
        }
      ],
      "services": {
        "appinvite_service": {
          "other_platform_oauth_client": [
            {
              "client_id": "1011666708603-51ckeoiat7easevq9jna3gkobv3kcdk4.apps.googleusercontent.com",
              "client_type": 3
            },
            {
              "client_id": "1011666708603-u85p79ahjgosi2743v791cks9fqtfslh.apps.googleusercontent.com",
              "client_type": 2,
              "ios_info": {
                "bundle_id": "com.jaganps.postbox"
              }
            }
          ]
        }
      }
    }
  ],
  "configuration_version": "1"
}